{
    "$schema": "https://schema.management.azure.com/schemas/2015-01-01/deploymentParameters.json#",
    "contentVersion": "1.0.0.0",
    "parameters": {
        "virtualMachines_LinuxTest_name": {
            "value": null
        },
        "virtualNetworks_LinuxTestVNET_name": {
            "value": null
        },
        "networkInterfaces_LinuxTestVMNic_name": {
            "value": null
        },
        "networkSecurityGroups_LinuxTestNSG_name": {
            "value": null
        },
        "publicIPAddresses_LinuxTestPublicIP_name": {
            "value": null
        }
    }
}